﻿<?xml version="1.0" encoding="utf-8"?><toc><breadcrumbs><li><a href="55e11ad0-9e16-4ac0-6b39-776a55b52f69.htm">Docs</a></li><li><a href="55e11ad0-9e16-4ac0-6b39-776a55b52f69.htm">Lotus<wbr />Array<wbr />List</a></li></breadcrumbs><tocItems><li><a id="88997fed-5bc4-22d8-d2d4-523277fcee6d" class="has-submenu" href="88997fed-5bc4-22d8-d2d4-523277fcee6d.htm"><span data-tocFile="../toc/IDAA.xml" class="icon toggle" onclick="ToggleExpandCollapse(this); return false;"><i class="fa fa-angle-right"> </i></span>Lotus<wbr />Array<wbr />List&lt;T&gt;</a><ul class="toc-menu is-hidden"> </ul></li></tocItems></toc>