﻿<?xml version="1.0" encoding="utf-8"?><toc><breadcrumbs><li><a href="55e11ad0-9e16-4ac0-6b39-776a55b52f69.htm">Docs</a></li><li><a href="55e11ad0-9e16-4ac0-6b39-776a55b52f69.htm">Lotus<wbr />Array<wbr />List</a></li><li><a href="88997fed-5bc4-22d8-d2d4-523277fcee6d.htm">Lotus<wbr />Array<wbr />List&lt;T&gt;</a></li></breadcrumbs><tocItems><li><a id="d6c6540b-b0a7-3e49-2b7a-15374fb42eaa" href="d6c6540b-b0a7-3e49-2b7a-15374fb42eaa.htm">Constructor</a></li><li><a id="105b6ff1-14a9-a909-ce28-625ea13df452" class="has-submenu" href="105b6ff1-14a9-a909-ce28-625ea13df452.htm"><span data-tocFile="../toc/IDBAA.xml" class="icon toggle" onclick="ToggleExpandCollapse(this); return false;"><i class="fa fa-angle-right"> </i></span>Methods</a><ul class="toc-menu is-hidden"> </ul></li></tocItems></toc>