﻿<?xml version="1.0" encoding="utf-8"?><toc><breadcrumbs><li><a href="55e11ad0-9e16-4ac0-6b39-776a55b52f69.htm">Docs</a></li><li><a href="55e11ad0-9e16-4ac0-6b39-776a55b52f69.htm">Lotus<wbr />Array<wbr />List</a></li><li><a href="88997fed-5bc4-22d8-d2d4-523277fcee6d.htm">Lotus<wbr />Array<wbr />List&lt;T&gt;</a></li><li><a href="105b6ff1-14a9-a909-ce28-625ea13df452.htm">Methods</a></li></breadcrumbs><tocItems><li><a id="5114f85a-4f27-6737-ddfe-2f7c1bfdb0cf" href="5114f85a-4f27-6737-ddfe-2f7c1bfdb0cf.htm">Add<wbr />To<wbr />Back</a></li><li><a id="b61e3cb7-5d6f-2a54-7b8d-c8f78883952f" href="b61e3cb7-5d6f-2a54-7b8d-c8f78883952f.htm">Add<wbr />To<wbr />Front</a></li><li><a id="0183c2e2-7ebb-1ce9-2702-64971b1ad6bc" href="0183c2e2-7ebb-1ce9-2702-64971b1ad6bc.htm">Contains</a></li><li><a id="84558f28-de8a-f258-404a-8c8296df9a23" href="84558f28-de8a-f258-404a-8c8296df9a23.htm">Count</a></li><li><a id="6f5b8d83-ae5c-3aa0-8e72-15917fefe9b0" href="6f5b8d83-ae5c-3aa0-8e72-15917fefe9b0.htm">Index<wbr />Of</a></li><li><a id="e6ad8a1e-45eb-9601-a42b-d7d0dda3e585" href="e6ad8a1e-45eb-9601-a42b-d7d0dda3e585.htm">Insert<wbr />After<wbr />Index</a></li><li><a id="65d17216-4873-eef3-2b17-21c022c69a2f" href="65d17216-4873-eef3-2b17-21c022c69a2f.htm">Print</a></li><li><a id="998afabf-f3ca-06ec-9bfe-e6c43d6f454b" href="998afabf-f3ca-06ec-9bfe-e6c43d6f454b.htm">Remove<wbr />By<wbr />Value</a></li></tocItems></toc>