﻿<?xml version="1.0" encoding="utf-8"?><toc><breadcrumbs><li><a href="55e11ad0-9e16-4ac0-6b39-776a55b52f69.htm">Docs</a></li></breadcrumbs><tocItems><li><a id="55e11ad0-9e16-4ac0-6b39-776a55b52f69" class="has-submenu" href="55e11ad0-9e16-4ac0-6b39-776a55b52f69.htm"><span data-tocFile="../toc/IDA.xml" class="icon toggle" onclick="ToggleExpandCollapse(this); return false;"><i class="fa fa-angle-right"> </i></span>Lotus<wbr />Array<wbr />List</a><ul class="toc-menu is-hidden"> </ul></li></tocItems></toc>